

Field Number,id,firstname,email,profession
1,100,Linzy,Linzy.100@rom.com,leader
2,101,Marjie,Marjie.101@rom.com,firefighter
3,102,Zaria,Zaria.102@rom.com,firefighter
4,103,Ilse,Ilse.103@rom.com,doctor
5,104,Eolanda,Eolanda.104@rom.com,leader
6,105,Camile,Camile.105@rom.com,police
7,106,Tilly,Tilly.106@rom.com,leader
8,107,Maud,Maud.107@rom.com,firefighter
9,108,Paule,Paule.108@rom.com,doctor
10,109,Annaliese,Annaliese.109@rom.com,police
11,110,Ezmeralda,Ezmeralda.110@rom.com,firefighter
12,111,Estell,Estell.111@rom.com,hacker
13,112,Joelly,Joelly.112@rom.com,firefighter
14,113,Tilly,Tilly.113@rom.com,doctor
15,114,Kirbee,Kirbee.114@rom.com,police
16,115,Lonnie,Lonnie.115@rom.com,firefighter
17,116,Stacey,Stacey.116@rom.com,hacker
18,117,Misha,Misha.117@rom.com,doctor
19,118,Catharine,Catharine.118@rom.com,police
20,119,Winny,Winny.119@rom.com,firefighter
21,120,Gerianna,Gerianna.120@rom.com,doctor
22,121,Cecile,Cecile.121@rom.com,doctor
23,122,Basia,Basia.122@rom.com,firefighter
24,123,Britte,Britte.123@rom.com,police
25,124,Karina,Karina.124@rom.com,police
26,125,Jordan,Jordan.125@rom.com,hacker
27,126,Latisha,Latisha.126@rom.com,police
28,127,Nannie,Nannie.127@rom.com,police
29,128,Chloris,Chloris.128@rom.com,firefighter
30,129,Elise,Elise.129@rom.com,doctor
31,130,Tybie,Tybie.130@rom.com,leader
32,131,Robbi,Robbi.131@rom.com,doctor
33,132,Dawn,Dawn.132@rom.com,police
34,133,Tarra,Tarra.133@rom.com,hacker
35,134,Livvyy,Livvyy.134@rom.com,police
36,135,Rani,Rani.135@rom.com,firefighter
37,136,Concettina,Concettina.136@rom.com,hacker
38,137,Gilda,Gilda.137@rom.com,leader
39,138,Abbie,Abbie.138@rom.com,leader
40,139,Anica,Anica.139@rom.com,leader
41,140,Jackie,Jackie.140@rom.com,doctor
42,141,Chloris,Chloris.141@rom.com,hacker
43,142,Flo,Flo.142@rom.com,leader
44,143,Tressa,Tressa.143@rom.com,doctor
45,144,Laure,Laure.144@rom.com,doctor
46,145,Tani,Tani.145@rom.com,police
47,146,Netty,Netty.146@rom.com,leader
48,147,Amara,Amara.147@rom.com,hacker
49,148,Lily,Lily.148@rom.com,hacker
50,149,Dulce,Dulce.149@rom.com,police
51,150,Jacenta,Jacenta.150@rom.com,firefighter
52,151,Donetta,Donetta.151@rom.com,doctor
53,152,Bobbi,Bobbi.152@rom.com,leader
54,153,Basia,Basia.153@rom.com,doctor
55,154,Mady,Mady.154@rom.com,doctor
56,155,Caritta,Caritta.155@rom.com,police
57,156,Margarette,Margarette.156@rom.com,leader
58,157,Anestassia,Anestassia.157@rom.com,leader
59,158,Katharina,Katharina.158@rom.com,doctor
60,159,Carly,Carly.159@rom.com,firefighter
61,160,Sissy,Sissy.160@rom.com,police
62,161,Dode,Dode.161@rom.com,leader
63,162,Evaleen,Evaleen.162@rom.com,hacker
64,163,Nataline,Nataline.163@rom.com,firefighter
65,164,Evita,Evita.164@rom.com,police
66,165,Gratia,Gratia.165@rom.com,doctor
67,166,Collen,Collen.166@rom.com,doctor
68,167,Clementine,Clementine.167@rom.com,hacker
69,168,Dode,Dode.168@rom.com,firefighter
70,169,Hollie,Hollie.169@rom.com,leader
71,170,Andeee,Andeee.170@rom.com,firefighter
72,171,Gale,Gale.171@rom.com,hacker
73,172,Daune,Daune.172@rom.com,police
74,173,Binny,Binny.173@rom.com,police
75,174,Karlee,Karlee.174@rom.com,doctor
76,175,Valeda,Valeda.175@rom.com,doctor
77,176,Jacenta,Jacenta.176@rom.com,hacker
78,177,Dagmar,Dagmar.177@rom.com,firefighter
79,178,Verla,Verla.178@rom.com,hacker
80,179,Alexine,Alexine.179@rom.com,firefighter
81,180,Kelly,Kelly.180@rom.com,doctor
82,181,Adelle,Adelle.181@rom.com,police
83,182,Netty,Netty.182@rom.com,police
84,183,Gratia,Gratia.183@rom.com,doctor
85,184,Magdalena,Magdalena.184@rom.com,firefighter
86,185,Jobi,Jobi.185@rom.com,police
87,186,Oralee,Oralee.186@rom.com,firefighter
88,187,Cherrita,Cherrita.187@rom.com,firefighter
89,188,Maye,Maye.188@rom.com,firefighter
90,189,Lacie,Lacie.189@rom.com,hacker
91,190,Roxane,Roxane.190@rom.com,doctor
92,191,Ana,Ana.191@rom.com,firefighter
93,192,Ariela,Ariela.192@rom.com,hacker
94,193,Desirae,Desirae.193@rom.com,police
95,194,Jolyn,Jolyn.194@rom.com,doctor
96,195,Maurene,Maurene.195@rom.com,hacker
97,196,Lindie,Lindie.196@rom.com,doctor
98,197,Almeta,Almeta.197@rom.com,doctor
99,198,Joy,Joy.198@rom.com,firefighter
100,199,Starla,Starla.199@rom.com,police
101,200,Reeba,Reeba.200@rom.com,firefighter
102,201,Amii,Amii.201@rom.com,police
103,202,Consuela,Consuela.202@rom.com,hacker
104,203,Florencia,Florencia.203@rom.com,leader
105,204,Jolyn,Jolyn.204@rom.com,police








